INSERT INTO m_asset_pack VALUES("34fo2a", 0);
INSERT INTO m_asset_package_mapping VALUES("main", "34fo2a", 6400996, NULL, 0, 1);
INSERT INTO m_asset_pack VALUES("yr5byr", 0);
INSERT INTO m_asset_package_mapping VALUES("main", "yr5byr", 9218462, NULL, 0, 1);
INSERT INTO m_asset_pack VALUES("ktszk5", 0);
INSERT INTO m_asset_package_mapping VALUES("main", "ktszk5", 9618035, NULL, 0, 1);
INSERT INTO m_asset_pack VALUES("2g8p9b", 0);
INSERT INTO m_asset_package_mapping VALUES("main", "2g8p9b", 6777049, NULL, 0, 1);
INSERT INTO m_asset_pack VALUES("52npq3", 0);
INSERT INTO m_asset_package_mapping VALUES("main", "52npq3", 10243893, NULL, 0, 1);
INSERT INTO m_asset_pack VALUES("y6o2uc", 0);
INSERT INTO m_asset_package_mapping VALUES("main", "y6o2uc", 8023967, NULL, 0, 1);
INSERT INTO m_asset_pack VALUES("966hio", 0);
INSERT INTO m_asset_package_mapping VALUES("main", "966hio", 6939898, NULL, 0, 1);
INSERT INTO m_asset_pack VALUES("qvu5ch", 0);
INSERT INTO m_asset_package_mapping VALUES("main", "qvu5ch", 9800784, NULL, 0, 1);
INSERT INTO m_asset_pack VALUES("8ny3oy", 0);
INSERT INTO m_asset_package_mapping VALUES("main", "8ny3oy", 8464860, NULL, 0, 1);
INSERT INTO m_asset_pack VALUES("0yw1p4", 0);
INSERT INTO m_asset_package_mapping VALUES("main", "0yw1p4", 8169173, NULL, 0, 1);
INSERT INTO m_asset_pack VALUES("7fevd6", 0);
INSERT INTO m_asset_package_mapping VALUES("main", "7fevd6", 7148300, NULL, 0, 1);
INSERT INTO m_asset_pack VALUES("kg5nh3", 0);
INSERT INTO m_asset_package_mapping VALUES("main", "kg5nh3", 7348958, NULL, 0, 1);
INSERT INTO m_asset_pack VALUES("gat2un", 0);
INSERT INTO m_asset_package_mapping VALUES("main", "gat2un", 7050890, NULL, 0, 1);
INSERT INTO m_asset_pack VALUES("kwmjfa", 0);
INSERT INTO m_asset_package_mapping VALUES("main", "kwmjfa", 7666798, NULL, 0, 1);
INSERT INTO m_asset_pack VALUES("op1rf1", 0);
INSERT INTO m_asset_package_mapping VALUES("main", "op1rf1", 10185418, NULL, 0, 1);
INSERT INTO m_asset_pack VALUES("nrtec4", 0);
INSERT INTO m_asset_package_mapping VALUES("main", "nrtec4", 7356506, NULL, 0, 1);
INSERT INTO m_asset_pack VALUES("d5mrei", 0);
INSERT INTO m_asset_package_mapping VALUES("main", "d5mrei", 6858715, NULL, 0, 1);
INSERT INTO m_asset_pack VALUES("93e7yq", 0);
INSERT INTO m_asset_package_mapping VALUES("main", "93e7yq", 6712107, NULL, 0, 1);
INSERT INTO m_asset_package_mapping VALUES("main", "n971km", 1045721, NULL, 0, 1);
INSERT INTO m_asset_package_mapping VALUES("main", "yq6rlp", 291592, NULL, 0, 1);
INSERT INTO m_asset_package_mapping VALUES("main", "e9ixeh", 420922, NULL, 0, 1);
INSERT INTO m_asset_pack VALUES("k15ag1", 0);
INSERT INTO m_asset_package_mapping VALUES("main", "k15ag1", 8430532, NULL, 0, 1);
INSERT INTO m_asset_package_mapping VALUES("main", "c9zftx", 497466, NULL, 0, 1);
INSERT INTO m_asset_package_mapping VALUES("main", "ofbjn0", 334434, NULL, 0, 1);
INSERT INTO m_asset_pack VALUES("s77zfx", 0);
INSERT INTO m_asset_package_mapping VALUES("main", "s77zfx", 9184, NULL, 0, 1);
INSERT INTO m_asset_pack VALUES("hpqya5", 0);
INSERT INTO m_asset_package_mapping VALUES("main", "hpqya5", 1391400, NULL, 0, 1);
INSERT INTO m_asset_pack VALUES("u4f7ev", 0);
INSERT INTO m_asset_package_mapping VALUES("main", "u4f7ev", 9760, NULL, 0, 1);
INSERT INTO m_asset_pack VALUES("vv0fub", 0);
INSERT INTO m_asset_package_mapping VALUES("main", "vv0fub", 1395232, NULL, 0, 1);
INSERT INTO m_asset_package_mapping VALUES("main", "lqzwhz", 404238, NULL, 0, 1);
INSERT INTO m_asset_package_mapping VALUES("main", "uvsgh0", 4009397, NULL, 0, 1);
INSERT INTO m_asset_package_mapping VALUES("main", "eo0fzy", 204920, NULL, 0, 1);
INSERT INTO m_asset_package_mapping VALUES("main", "z7uqo9", 3079115, NULL, 0, 1);
UPDATE m_asset_package SET version = "651c19e4a583e09f63da730380a2b1a593d4769a", pack_num = (SELECT COUNT(*) FROM m_asset_package_mapping WHERE package_key="main") WHERE package_key = "main";
INSERT INTO texture VALUES ("!+q", "34fo2a", 1992185, 173683, 1960560075, -1942332814);
INSERT INTO texture VALUES ("!3)", "34fo2a", 5465107, 326759, 1129959966, -1887968852);
INSERT INTO texture VALUES ("!EF", "yr5byr", 1110132, 147893, 1491633153, 110846886);
INSERT INTO texture VALUES ("!e`", "ktszk5", 1929214, 223428, -450875905, -52431227);
INSERT INTO texture VALUES ("!{O", "34fo2a", 1728996, 64233, 964702480, 1876582826);
INSERT INTO texture VALUES ("""Y$", "2g8p9b", 1165185, 129514, -1812018018, -2041701436);
INSERT INTO texture VALUES ("""\Y", "mg08tt", 2183321, 6418, -1232461262, -791963532);
INSERT INTO texture VALUES ("""_@", "52npq3", 1167087, 111817, -705594144, 212735205);
INSERT INTO texture VALUES ("""f;", "y6o2uc", 781948, 149937, 705147015, -1316885875);
INSERT INTO texture VALUES ("""~W", "966hio", 1569889, 185483, -196908080, -1783060949);
INSERT INTO texture VALUES ("#+.", "qvu5ch", 1750273, 238309, -775251645, 185151893);
INSERT INTO texture VALUES ("#.`", "av1ioc", 764456, 20823, 496489272, 1488597454);
INSERT INTO texture VALUES ("#@j", "8ny3oy", 0, 102472, 833288360, -635984200);
INSERT INTO texture VALUES ("#E4", "mg08tt", 1360380, 302450, 1323064291, -1518205115);
INSERT INTO texture VALUES ("#f&", "0yw1p4", 597190, 106098, -2132559703, -986085615);
INSERT INTO texture VALUES ("#~+", "f9nwgu", 1644589, 236086, -356626449, -741486386);
INSERT INTO texture VALUES ("$)[", "7fevd6", 1264912, 175729, 428356099, 1090043194);
INSERT INTO texture VALUES ("$Yo", "8ny3oy", 839285, 144084, -670175559, 1707560689);
INSERT INTO texture VALUES ("$cM", "52npq3", 110908, 415410, 1207346284, 2041988767);
INSERT INTO texture VALUES ("%3o", "0yw1p4", 1138141, 124751, -1777840396, -569089563);
INSERT INTO texture VALUES ("%b9", "f9nwgu", 1056858, 323433, -898254167, -1248109997);
INSERT INTO texture VALUES ("%lC", "34fo2a", 4188514, 108467, -1066118577, -1129492410);
INSERT INTO texture VALUES ("&#{", "y6o2uc", 561878, 73057, 1274279673, 321499805);
INSERT INTO texture VALUES ("&?+", "y6o2uc", 1941165, 268676, -875575317, 372542063);
INSERT INTO texture VALUES ("&CH", "kg5nh3", 2378945, 78875, 669021191, -1658869411);
INSERT INTO texture VALUES ("&^S", "34fo2a", 803757, 108101, 1723980177, 455041164);
INSERT INTO texture VALUES ("')k", "jctjha", 2636043, 60615, 988120840, 861277672);
INSERT INTO texture VALUES ("'<8", "mg08tt", 2176464, 6857, -781115847, -1171981803);
INSERT INTO texture VALUES ("']b", "966hio", 2305426, 65998, -2146366678, -837668238);
INSERT INTO texture VALUES ("'~)", "mg08tt", 2011079, 21064, -1843659167, -1573812605);
INSERT INTO texture VALUES (")9d", "0yw1p4", 1735184, 256982, -178773989, -1739723598);
INSERT INTO texture VALUES ("):8", "0yw1p4", 2249422, 151784, 948915924, 1450363162);
INSERT INTO texture VALUES (")<P", "gat2un", 561508, 99794, -1601422006, -720662129);
INSERT INTO texture VALUES (")>b", "ktszk5", 2464096, 165026, -836265833, 557762145);
INSERT INTO texture VALUES (")O:", "vz0u68", 415769, 20080, 1435720558, -1382028305);
INSERT INTO texture VALUES (")nO", "kwmjfa", 1033791, 146918, -1735753355, 1832498914);
INSERT INTO texture VALUES ("*4!", "yss48z", 358911, 71753, 948338046, 2030779083);
INSERT INTO texture VALUES ("*J}", "mg08tt", 1070267, 290113, -413646492, 1245369660);
INSERT INTO texture VALUES ("*V3", "op1rf1", 1013882, 136389, 1957278736, 1263069514);
INSERT INTO texture VALUES ("*Yk", "yr5byr", 119899, 426635, -317945873, 1834594982);
INSERT INTO texture VALUES ("*s2", "yss48z", 491287, 74906, -641590035, -444092809);
INSERT INTO texture VALUES ("+3r", "nrtec4", 1182625, 132794, -1754351405, 1837254869);
INSERT INTO texture VALUES ("+5`", "qvu5ch", 1012973, 137051, 1979931909, 11901799);
INSERT INTO texture VALUES (",(;", "2g8p9b", 2319396, 104411, -899467655, -1294763546);
INSERT INTO texture VALUES (",73", "52npq3", 1978119, 109869, 470951427, -1117270573);
INSERT INTO texture VALUES (",:;", "yr5byr", 1631813, 211126, 936064946, 1801557213);
INSERT INTO texture VALUES (",?9", "kwmjfa", 2395540, 100601, -941994710, -509441756);
INSERT INTO texture VALUES (",LM", "kg5nh3", 1241131, 102701, -1369294077, 1962615914);
INSERT INTO texture VALUES (",Ys", "kg5nh3", 1652496, 172057, -32553602, 1434633883);
INSERT INTO texture VALUES (",j<", "vz0u68", 473830, 15558, 426184770, 1709020154);
INSERT INTO texture VALUES ("-t/", "qvu5ch", 2224840, 76443, -1604157630, -1056952273);
INSERT INTO texture VALUES ("-~x", "34fo2a", 1403936, 144479, 442982631, -1987064458);
INSERT INTO texture VALUES (".%L", "7fevd6", 532050, 113448, 1290695591, -1704095488);
INSERT INTO texture VALUES (".:t", "yss48z", 635527, 75164, 2040592922, 1270183403);
INSERT INTO texture VALUES (".H#", "d5mrei", 2310543, 113629, 187938266, 283566451);
INSERT INTO texture VALUES (".s!", "93e7yq", 2010279, 96936, -76836678, 846735615);
INSERT INTO texture VALUES ("/Fc", "kg5nh3", 1469427, 183069, 1491167562, 1521813834);
INSERT INTO texture VALUES ("/K(", "966hio", 552014, 145796, -1341525376, -1876156443);
INSERT INTO texture VALUES ("0#\", "qvu5ch", 896866, 116107, 1098095138, -1426489100);
INSERT INTO texture VALUES ("00*", "talywm", 519958, 20735, -821906144, -1542177841);
INSERT INTO texture VALUES ("0_h", "kg5nh3", 2254206, 124739, -829563183, -974438678);
INSERT INTO texture VALUES ("16O", "talywm", 652089, 6929, 234611559, 377660610);
INSERT INTO texture VALUES ("1:z", "mg08tt", 2189739, 87664, -1908299006, -354429059);
INSERT INTO texture VALUES ("1<w", "nrtec4", 2254659, 91332, -540330953, 696980252);
INSERT INTO texture VALUES ("1Dj", "0yw1p4", 1390488, 104191, -1120044801, 1816646977);
INSERT INTO texture VALUES ("1SC", "8ny3oy", 717358, 121927, 2130543685, 1343848204);
INSERT INTO texture VALUES ("1Z2", "kwmjfa", 1715601, 273829, 1375430299, 1144667187);
INSERT INTO texture VALUES ("2EY", "kg5nh3", 869344, 133398, -431841631, 1959507633);
INSERT INTO texture VALUES ("2H8", "av1ioc", 854649, 6938, -1067018935, -1179666349);
INSERT INTO texture VALUES ("2r5", "d5mrei", 1971106, 135693, 1064907356, -372646445);
INSERT INTO texture VALUES ("3(h", "yss48z", 566193, 69334, 39762993, -846319317);
INSERT INTO texture VALUES ("3>k", "yr5byr", 1842939, 190424, -1125362156, 449398882);
INSERT INTO texture VALUES ("3sk", "nrtec4", 653012, 115549, -1637418933, -1886056080);
INSERT INTO texture VALUES ("4%P", "f9nwgu", 0, 134325, -2018756735, -1339100555);
INSERT INTO texture VALUES ("46T", "y6o2uc", 1165872, 176255, 782818254, -1972106814);
INSERT INTO texture VALUES ("4IE", "nrtec4", 1043439, 139186, 1687209011, -555434380);
INSERT INTO texture VALUES ("4Q(", "d5mrei", 1142752, 154287, -1735107970, 1648941923);
INSERT INTO texture VALUES ("4V}", "vz0u68", 549850, 6691, 617780079, -156472063);
INSERT INTO texture VALUES ("4XO", "966hio", 1959899, 197189, 962693394, -1430688752);
INSERT INTO texture VALUES ("5`B", "34fo2a", 2470758, 111322, 710798202, -83150196);
INSERT INTO texture VALUES ("6!_", "f9nwgu", 308482, 19992, 409717872, -1273046423);
INSERT INTO texture VALUES ("6,a", "qvu5ch", 2139097, 85743, 1423501782, 441324704);
INSERT INTO texture VALUES ("6Zx", "34fo2a", 2986900, 135985, 1226861649, 885703955);
INSERT INTO texture VALUES ("6j\", "34fo2a", 4867418, 118420, 419793072, 1130698416);
INSERT INTO texture VALUES ("718", "gat2un", 2476674, 117967, -1844665799, -2010659260);
INSERT INTO texture VALUES ("8FA", "av1ioc", 995321, 271337, -232707403, -217300870);
INSERT INTO texture VALUES ("8jN", "qvu5ch", 696480, 92320, 1916617036, -364562653);
INSERT INTO texture VALUES ("8zj", "talywm", 613419, 25315, -616821868, 985562548);
INSERT INTO texture VALUES ("9,X", "8ny3oy", 487442, 93506, -863732192, -1104096362);
INSERT INTO texture VALUES ("9?&", "8ny3oy", 1269422, 148102, -1157807203, 1185252352);
INSERT INTO texture VALUES ("9@?", "2g8p9b", 535297, 87706, 1013668244, -449286000);
INSERT INTO texture VALUES ("9DN", "mg08tt", 2145619, 24081, 1579968148, 114465195);
INSERT INTO texture VALUES ("9FK", "nrtec4", 1801022, 172786, -1729392390, -448530900);
INSERT INTO texture VALUES ("9\M", "2g8p9b", 1598398, 179974, 389916647, 380451000);
INSERT INTO texture VALUES ("9_K", "op1rf1", 1449917, 173935, 1253541474, -755650786);
INSERT INTO texture VALUES (":'^", "0yw1p4", 2401206, 134608, -1896032640, -1893641918);
INSERT INTO texture VALUES (":5n", "34fo2a", 3122885, 120645, 146228366, -1188059028);
INSERT INTO texture VALUES (":>d", "gat2un", 886238, 127656, 1293757868, 1314101113);
INSERT INTO texture VALUES (":Mr", "yr5byr", 2422784, 159716, 2042286463, -1863583447);
INSERT INTO texture VALUES (":l`", "yr5byr", 2033363, 204997, -1014316704, 1252174773);
INSERT INTO texture VALUES (";'V", "34fo2a", 4552427, 186949, -1292922134, 1456611122);
INSERT INTO texture VALUES (";2+", "0yw1p4", 2535814, 167248, -1297110555, -1075693144);
INSERT INTO texture VALUES (";5u", "gat2un", 1013894, 135543, 1946992924, 988952489);
INSERT INTO texture VALUES (";Ba", "k15ag1", 1707469, 205652, 2100166486, 1981403817);
INSERT INTO texture VALUES (";b;", "yss48z", 2234823, 261373, 1472282363, -1608457845);
INSERT INTO texture VALUES (";iG", "34fo2a", 3482250, 145952, -942487290, -1125678417);
INSERT INTO texture VALUES (";lL", "34fo2a", 3767362, 130840, 1487037136, -1423299653);
INSERT INTO texture VALUES (";zY", "966hio", 0, 109653, -1145042150, 1057367511);
INSERT INTO texture VALUES ("<:t", "34fo2a", 5791866, 277153, -311720930, 2137459072);
INSERT INTO texture VALUES ("<KO", "0yw1p4", 2703062, 75344, 1411366188, -1818585185);
INSERT INTO texture VALUES ("<Sw", "nrtec4", 544707, 108305, 379343146, 533311213);
INSERT INTO texture VALUES ("<c}", "34fo2a", 4023200, 165314, 172939360, 626067329);
INSERT INTO texture VALUES ("<iy", "2g8p9b", 116541, 418756, 1758410803, -535096046);
INSERT INTO texture VALUES ("=4,", "0yw1p4", 848242, 133710, 898986772, -1446762643);
INSERT INTO texture VALUES ("=D=", "yss48z", 1740553, 238512, -956437174, 425080213);
INSERT INTO texture VALUES ("=[b", "talywm", 540693, 26431, -2115543729, 1290786569);
INSERT INTO texture VALUES (">P*", "talywm", 567124, 18979, 258357232, 1094038836);
INSERT INTO texture VALUES (">U}", "kwmjfa", 1180709, 161165, 1432966063, -845629877);
INSERT INTO texture VALUES (">mK", "av1ioc", 744380, 20076, 761011170, -1824785660);
INSERT INTO texture VALUES (">vs", "34fo2a", 2165868, 179428, -1074028684, -746706643);
INSERT INTO texture VALUES ("?,t", "qvu5ch", 1286605, 244210, -762953142, 656435472);
INSERT INTO texture VALUES ("?bR", "f9nwgu", 257000, 1568, 438870288, 1975048654);
INSERT INTO texture VALUES ("?er", "93e7yq", 1890336, 119943, -1492032672, -1448897910);
INSERT INTO texture VALUES ("?m""", "d5mrei", 1412335, 200234, -1895806676, 1147781718);
INSERT INTO texture VALUES ("?mi", "kwmjfa", 2496141, 132121, -1962991551, 546766088);
INSERT INTO texture VALUES ("@3;", "yss48z", 280692, 12869, 789692460, 245213334);
INSERT INTO texture VALUES ("@4I", "op1rf1", 712269, 148919, 750910555, 32583126);
INSERT INTO texture VALUES ("@4]", "kg5nh3", 1992601, 140084, 1231999896, -288219250);
INSERT INTO texture VALUES ("@M;", "f9nwgu", 258568, 2993, -1245898965, -990092087);
INSERT INTO texture VALUES ("@S7", "op1rf1", 123381, 426269, 480205165, 718341723);
INSERT INTO texture VALUES ("@Sg", "kg5nh3", 570257, 165707, 1610933703, 852055570);
INSERT INTO texture VALUES ("@g[", "7fevd6", 2030843, 264343, 1426460654, 904737973);
INSERT INTO texture VALUES ("@nX", "nrtec4", 0, 113545, 4858874, -1053349528);
INSERT INTO texture VALUES ("A?*", "kg5nh3", 2132685, 121521, 2077847550, -555577451);
INSERT INTO texture VALUES ("AKf", "k15ag1", 617184, 122014, 1469669028, -617583065);
INSERT INTO texture VALUES ("AcY", "52npq3", 762970, 134676, 1507667359, 1637790221);
INSERT INTO texture VALUES ("AjW", "op1rf1", 2454470, 158265, 1446456126, -1857685793);
INSERT INTO texture VALUES ("Av:", "8ny3oy", 983369, 169593, 231259808, -190842978);
INSERT INTO texture VALUES ("B&-", "vz0u68", 435849, 18630, 1212825668, 1529181663);
INSERT INTO texture VALUES ("BXC", "yr5byr", 2763773, 79945, 2061569819, -90453711);
INSERT INTO texture VALUES ("Bm<", "nrtec4", 1973808, 103881, 159158250, -572124522);
INSERT INTO texture VALUES ("Bo~", "f9nwgu", 1380291, 264298, -1665758909, -1209582430);
INSERT INTO texture VALUES ("Bs#", "0yw1p4", 115927, 481263, -1185711496, 1134016109);
INSERT INTO texture VALUES ("C1U", "ktszk5", 2306362, 157734, 1324504210, 1692918230);
INSERT INTO texture VALUES ("Csy", "52npq3", 3384923, 139954, -348761848, -104234480);
INSERT INTO texture VALUES ("C{|", "34fo2a", 911858, 98271, 2085034471, -1376388553);
INSERT INTO texture VALUES ("DO`", "34fo2a", 4412706, 139721, -717791178, 1756431257);
INSERT INTO texture VALUES ("DvP", "av1ioc", 868072, 127249, 624578349, 1849972409);
INSERT INTO texture VALUES ("Dxt", "gat2un", 2594641, 73942, -161916340, -1797069510);
INSERT INTO texture VALUES ("E&W", "966hio", 5259225, 134069, 226043743, 370572182);
INSERT INTO texture VALUES ("E0~", "yss48z", 430664, 60623, -480484676, 1524916728);
INSERT INTO texture VALUES ("EQX", "93e7yq", 624946, 156087, 1819210384, -652094698);
INSERT INTO texture VALUES ("Ev$", "vz0u68", 454479, 19351, 1355064158, 787297529);
INSERT INTO texture VALUES ("F$K", "8ny3oy", 1417524, 191118, -1759070316, 646753193);
INSERT INTO texture VALUES ("F>#", "ktszk5", 857567, 156818, -901775477, 1068708460);
INSERT INTO texture VALUES ("F_j", "d5mrei", 2204337, 106206, -1751703603, 989835707);
INSERT INTO texture VALUES ("Fp`", "7fevd6", 645498, 117925, -84727398, -1562448630);
INSERT INTO texture VALUES ("G%}", "av1ioc", 724668, 19712, -618702564, 598217294);
INSERT INTO texture VALUES ("GgM", "yr5byr", 1434857, 196956, -495663880, -1792508001);
INSERT INTO texture VALUES ("Gnh", "34fo2a", 1107593, 131130, 1249108861, 1544110543);
INSERT INTO texture VALUES ("H!_", "yss48z", 1423752, 316801, 1339645706, -753628118);
INSERT INTO texture VALUES ("HZj", "93e7yq", 473184, 151762, -177305223, -2003695763);
INSERT INTO texture VALUES ("Hb[", "gat2un", 1917949, 260973, -643295627, -1697208482);
INSERT INTO texture VALUES ("HlT", "mg08tt", 2169700, 6764, 2101465930, -2001881574);
INSERT INTO texture VALUES ("Il8", "d5mrei", 863114, 139828, -34517890, 1665791757);
INSERT INTO texture VALUES ("Iu&", "2g8p9b", 0, 116541, 1225700937, -1106725672);
INSERT INTO texture VALUES ("Jwv", "ktszk5", 1115279, 111578, -1360858024, -1372454448);
INSERT INTO texture VALUES ("K/\", "34fo2a", 3628202, 139160, 693509305, -869585495);
INSERT INTO texture VALUES ("K9%", "yss48z", 0, 94108, -1928120870, -757150827);
INSERT INTO texture VALUES ("KJ=", "y6o2uc", 2209841, 259392, 1725903544, 253794446);
INSERT INTO texture VALUES ("KmB", "yr5byr", 2238360, 184424, 110712282, 1327673768);
INSERT INTO texture VALUES ("Kxs", "vz0u68", 489388, 18345, -6861004, -788935095);
INSERT INTO texture VALUES ("L!N", "93e7yq", 781033, 127687, -984405597, 271236605);
INSERT INTO texture VALUES ("L$G", "yr5byr", 955680, 154452, -795796067, 452464201);
INSERT INTO texture VALUES ("L=[", "f9nwgu", 350836, 21764, 2066782147, -724587515);
INSERT INTO texture VALUES ("LG(", "ktszk5", 2152642, 153720, 628654909, 1485876720);
INSERT INTO texture VALUES ("L`_", "93e7yq", 1028561, 114206, -781017740, -875155359);
INSERT INTO texture VALUES ("Lca", "talywm", 645348, 6741, 1548445837, -1167802877);
INSERT INTO texture VALUES ("Mbe", "vz0u68", 527124, 22726, 482971838, -1831301528);
INSERT INTO texture VALUES ("MqB", "mg08tt", 701871, 368396, -17891778, 871140331);
INSERT INTO texture VALUES ("O+r", "8ny3oy", 1608642, 208205, 2005532589, -1034586752);
INSERT INTO texture VALUES ("OAR", "mg08tt", 2054433, 24224, 1956799028, -1163851077);
INSERT INTO texture VALUES ("OKJ", "7fevd6", 2436791, 53686, 304313730, -1741186368);
INSERT INTO texture VALUES ("O\O", "op1rf1", 861188, 152694, 1749794886, 6201266);
INSERT INTO texture VALUES ("Oah", "kwmjfa", 540392, 145341, 1619727240, -326779561);
INSERT INTO texture VALUES ("O~+", "2g8p9b", 1294699, 126217, -1156268613, -139214097);
INSERT INTO texture VALUES ("Pso", "34fo2a", 1793229, 56313, -694993117, 697621928);
INSERT INTO texture VALUES ("Q(~", "ktszk5", 1535531, 209847, -2074599826, 1354515371);
INSERT INTO texture VALUES ("Q:b", "966hio", 1106988, 145711, -716407023, 1292653918);
INSERT INTO texture VALUES ("QI4", "966hio", 4746988, 185567, -1136448619, -1709012662);
INSERT INTO texture VALUES ("Q`F", "talywm", 492382, 27576, -1324562698, -1747251179);
INSERT INTO texture VALUES ("QsG", "yss48z", 293561, 65350, 943488265, 570244041);
INSERT INTO texture VALUES ("R#K", "ktszk5", 566365, 135973, 961108741, 1606584624);
INSERT INTO texture VALUES ("R2R", "kwmjfa", 1467186, 248415, -200931982, -1759005115);
INSERT INTO texture VALUES ("R8@", "8ny3oy", 102472, 384970, 35544676, 742077711);
INSERT INTO texture VALUES ("RI^", "8ny3oy", 580948, 136410, -132596618, 1168046790);
INSERT INTO texture VALUES ("RXv", "7fevd6", 763423, 148505, 1450431125, -1274309973);
INSERT INTO texture VALUES ("SCW", "yss48z", 710691, 74878, 308784819, -1698710428);
INSERT INTO texture VALUES ("STo", "y6o2uc", 1342127, 161508, 757149319, 530080931);
INSERT INTO texture VALUES ("S\~", "52npq3", 1278904, 132289, -1986736616, -1305721138);
INSERT INTO texture VALUES ("T5L", "ktszk5", 0, 117707, -526438395, 71346350);
INSERT INTO texture VALUES ("TEa", "d5mrei", 1297039, 115296, 1094506505, -1472694629);
INSERT INTO texture VALUES ("TG/", "f9nwgu", 266914, 21713, 876161054, -163404687);
INSERT INTO texture VALUES ("TQZ", "ktszk5", 1386298, 149233, 1341284605, -1209388507);
INSERT INTO texture VALUES ("TjO", "av1ioc", 298369, 407479, -1574982, 1041180341);
INSERT INTO texture VALUES ("TlH", "0yw1p4", 981952, 156189, 1642005380, -1178862868);
INSERT INTO texture VALUES ("TuR", "nrtec4", 1617800, 183222, 564573063, 1794584088);
INSERT INTO texture VALUES ("U$!", "y6o2uc", 2636726, 83132, 303669743, -505297540);
INSERT INTO texture VALUES ("U,0", "52npq3", 2194672, 105368, -1807452944, 2105113684);
INSERT INTO texture VALUES ("UOr", "k15ag1", 1533222, 174247, -1304073178, 720190361);
INSERT INTO texture VALUES ("Ufp", "y6o2uc", 931885, 233987, 615721897, 1675303474);
INSERT INTO texture VALUES ("VG+", "966hio", 2371424, 71467, 2114739636, -1676467596);
INSERT INTO texture VALUES ("VRQ", "op1rf1", 1623852, 188120, -1481205966, 524699161);
INSERT INTO texture VALUES ("VSi", "d5mrei", 512039, 127910, 584070021, -1810320367);
INSERT INTO texture VALUES ("Vg0", "nrtec4", 768561, 126418, -394510317, 782667852);
INSERT INTO texture VALUES ("VqW", "34fo2a", 4985838, 115016, 482918072, -251551471);
INSERT INTO texture VALUES ("W,b", "gat2un", 2178922, 144548, -2057548717, 429345430);
INSERT INTO texture VALUES ("W^!", "op1rf1", 2273399, 181071, -1168454100, 692875532);
INSERT INTO texture VALUES ("Wf#", "op1rf1", 0, 123381, -1375415936, 1838991446);
INSERT INTO texture VALUES ("Wjl", "2g8p9b", 2000062, 95206, -51540060, -1685953377);
INSERT INTO texture VALUES ("Wrc", "ktszk5", 702338, 155229, -1726722137, 2116153587);
INSERT INTO texture VALUES ("WuT", "8ny3oy", 2153980, 58753, -361226659, -1371532185);
INSERT INTO texture VALUES ("X%G", "vz0u68", 563372, 7691, -1670377622, -1319541720);
INSERT INTO texture VALUES ("XI@", "d5mrei", 0, 114657, -790960815, -2047573638);
INSERT INTO texture VALUES ("XRc", "8ny3oy", 1816847, 229672, -1783932431, -720010628);
INSERT INTO texture VALUES ("X\@", "k15ag1", 107732, 398838, 1327202364, -642572233);
INSERT INTO texture VALUES ("Xa5", "34fo2a", 102919, 363011, 938411519, 1489865365);
INSERT INTO texture VALUES ("Xn:", "f9nwgu", 393347, 19520, -1806072009, -1232760930);
INSERT INTO texture VALUES ("XvJ", "kg5nh3", 1824553, 168048, 466351275, 100209295);
INSERT INTO texture VALUES ("Y5u", "34fo2a", 4739376, 128042, -106898383, -240846422);
INSERT INTO texture VALUES ("Y]t", "y6o2uc", 2844743, 83492, 831601564, 1256007768);
INSERT INTO texture VALUES ("Yz8", "34fo2a", 1849542, 66816, 1551641300, -1942671669);
INSERT INTO texture VALUES ("Z!k", "93e7yq", 1715673, 174663, -1606004171, 1001321967);
INSERT INTO texture VALUES ("Z90", "gat2un", 661302, 96057, -1858485490, -1568628086);
INSERT INTO texture VALUES ("ZKh", "966hio", 1252699, 173973, 1861597608, 2034389678);
INSERT INTO texture VALUES ("Zk'", "52npq3", 1785856, 192263, 966398450, -1915007156);
INSERT INTO texture VALUES ("[;j", "7fevd6", 1440641, 288763, -1807479010, 717028515);
INSERT INTO texture VALUES ("[qd", "ktszk5", 1745378, 183836, 1820193751, 1345874637);
INSERT INTO texture VALUES ("\5B", "7fevd6", 2295186, 141605, 2022898529, 1636500666);
INSERT INTO texture VALUES ("\O5", "d5mrei", 760537, 102577, 1110032922, -1123199649);
INSERT INTO texture VALUES ("\ak", "qvu5ch", 490822, 97828, 1188416092, 325470362);
INSERT INTO texture VALUES ("\}y", "qvu5ch", 1530815, 219458, 885305442, -1771620496);
INSERT INTO texture VALUES ("]6b", "52npq3", 1603189, 182667, -512232853, 2109750700);
INSERT INTO texture VALUES ("]E5", "966hio", 839878, 156236, 989788062, 1088312642);
INSERT INTO texture VALUES ("]O2", "f9nwgu", 328474, 22362, -1101725751, 47040009);
INSERT INTO texture VALUES ("]cg", "yss48z", 1104569, 319183, -1148759337, -2021163357);
INSERT INTO texture VALUES ("]i;", "nrtec4", 2077689, 75489, 1243438723, -1031972518);
INSERT INTO texture VALUES ("]n~", "f9nwgu", 288627, 19855, -2058832761, 537728382);
INSERT INTO texture VALUES ("]xS", "52npq3", 526318, 100771, -1532213541, -1338143346);
INSERT INTO texture VALUES ("^!=", "kg5nh3", 1343832, 125595, -1907417979, -1978692597);
INSERT INTO texture VALUES ("^!P", "kg5nh3", 735964, 133380, 839855287, -431420919);
INSERT INTO texture VALUES ("^H8", "7fevd6", 0, 104978, -498499734, -823619052);
INSERT INTO texture VALUES ("^Kp", "y6o2uc", 2719858, 124885, -958624314, -728787192);
INSERT INTO texture VALUES ("^j:", "34fo2a", 1238723, 165213, -577486796, -1092365026);
INSERT INTO texture VALUES ("^xr", "93e7yq", 1250966, 102540, -1041728521, 839407166);
INSERT INTO texture VALUES ("_1j", "93e7yq", 106456, 366728, -1368332920, -1738546402);
INSERT INTO texture VALUES ("`()", "34fo2a", 2582080, 147587, 306762559, 1558212952);
INSERT INTO texture VALUES ("`^Q", "34fo2a", 5100854, 364253, -58547337, 88287368);
INSERT INTO texture VALUES ("`mt", "f9nwgu", 737295, 319563, -692365416, 977835441);
INSERT INTO texture VALUES ("`xB", "34fo2a", 588436, 111734, -538742267, -780767809);
INSERT INTO texture VALUES ("`{%", "d5mrei", 1779914, 191192, -1884250769, 1451597775);
INSERT INTO texture VALUES ("a#;", "34fo2a", 3243530, 135191, -1776639599, 1927230834);
INSERT INTO texture VALUES ("aCT", "av1ioc", 847919, 6730, -366405892, 559520005);
INSERT INTO texture VALUES ("ah\", "34fo2a", 465930, 122506, -402495769, 1679209561);
INSERT INTO texture VALUES ("b!x", "yss48z", 254586, 14160, -509568214, 488215164);
INSERT INTO texture VALUES ("b""Z", "0yw1p4", 703288, 144954, 930396153, 1917456179);
INSERT INTO texture VALUES ("bR9", "talywm", 469145, 23237, -497278156, 1978448580);
INSERT INTO texture VALUES ("bV8", "34fo2a", 3378721, 103529, 1669736575, -123552239);
INSERT INTO texture VALUES ("b[l", "966hio", 3827792, 134692, 675247930, 887335469);
INSERT INTO texture VALUES ("b]$", "op1rf1", 1299219, 150698, 1993194290, -1637436930);
INSERT INTO m_asset_sound VALUES ("bgm_0023", "s77zfx", "hpqya5");
INSERT INTO m_asset_sound VALUES ("bgm_0024", "u4f7ev", "vv0fub");
INSERT INTO texture VALUES ("b~g", "93e7yq", 2217673, 95209, 1153400188, 965782065);
INSERT INTO texture VALUES ("cE>", "7fevd6", 911928, 123085, -613644257, 1772782768);
INSERT INTO texture VALUES ("cYk", "talywm", 586103, 27316, -1037724936, 1352267518);
INSERT INTO texture VALUES ("dH8", "kwmjfa", 685733, 131744, -1728508283, 1240032349);
INSERT INTO texture VALUES ("dI`", "yr5byr", 684285, 156062, -253410683, -879899261);
INSERT INTO texture VALUES ("dJ~", "966hio", 697810, 142068, -1604123046, 1066691920);
INSERT INTO texture VALUES ("dfB", "d5mrei", 1002942, 139810, -1613859461, 1548034216);
INSERT INTO texture VALUES ("e""r", "ktszk5", 117707, 448658, 162595740, -1976956630);
INSERT INTO texture VALUES ("e%G", "kwmjfa", 0, 106270, 2049431632, 1427666509);
INSERT INTO texture VALUES ("e[i", "op1rf1", 2157623, 115776, 1166757675, 1718785382);
INSERT INTO texture VALUES ("f&+", "d5mrei", 639949, 120588, -608386881, 1785900144);
INSERT INTO texture VALUES ("f(O", "0yw1p4", 1262892, 127596, -437066390, -168928585);
INSERT INTO texture VALUES ("f13", "7fevd6", 1035013, 95023, -1981229084, 1537636198);
INSERT INTO texture VALUES ("f2z", "av1ioc", 705848, 18820, -499775272, 6891044);
INSERT INTO texture VALUES ("fGz", "kwmjfa", 2628262, 66302, 1356558040, -757253845);
INSERT INTO texture VALUES ("fMA", "7fevd6", 2490477, 50010, -1040738133, 435554294);
INSERT INTO texture VALUES ("fwU", "52npq3", 2300040, 90168, 1725667310, 88232450);
INSERT INTO texture VALUES ("gAb", "op1rf1", 549650, 162619, -274377802, 329399925);
INSERT INTO texture VALUES ("gVr", "52npq3", 0, 110908, 312784463, -509349092);
INSERT INTO texture VALUES ("g_7", "y6o2uc", 1654547, 286618, 1372164120, 265715368);
INSERT INTO texture VALUES ("gwq", "av1ioc", 804540, 22335, -1238923844, 496724517);
INSERT INTO texture VALUES ("gz3", "93e7yq", 1142767, 108199, -1120255782, 299199942);
INSERT INTO texture VALUES ("h.0", "mg08tt", 299401, 402470, -1599972740, -512343568);
INSERT INTO texture VALUES ("h@a", "vz0u68", 0, 415769, 1035733280, 858777061);
INSERT INTO texture VALUES ("h`#", "k15ag1", 876177, 116939, 1691771619, -245311261);
INSERT INTO texture VALUES ("h`U", "nrtec4", 1315419, 128766, 1196331476, 1989032182);
INSERT INTO texture VALUES ("hd%", "34fo2a", 1010129, 97464, 88962333, -832747771);
INSERT INTO texture VALUES ("i&$", "52npq3", 1038914, 128173, -223852736, 1409640726);
INSERT INTO texture VALUES ("iEv", "kg5nh3", 118557, 451700, -1809136940, -299132194);
INSERT INTO texture VALUES ("iQs", "y6o2uc", 634935, 147013, 2035716586, 1242322675);
INSERT INTO texture VALUES ("iZY", "k15ag1", 1238701, 146675, 2012591245, -1148585042);
INSERT INTO texture VALUES ("j0e", "nrtec4", 2153178, 101481, -1505712649, 1853401582);
INSERT INTO texture VALUES ("jIe", "op1rf1", 1983581, 174042, -61492572, -997834278);
INSERT INTO texture VALUES ("jQ=", "kwmjfa", 1989430, 260692, 1888372163, -1161149775);
INSERT INTO texture VALUES ("j\?", "mg08tt", 2032143, 22290, 447443139, 1421464838);
INSERT INTO texture VALUES ("jii", "av1ioc", 826875, 21044, -1115667113, 950138416);
INSERT INTO texture VALUES ("jlc", "y6o2uc", 0, 120677, 1942446313, -799336192);
INSERT INTO texture VALUES ("jm0", "qvu5ch", 0, 103866, -560919718, -1042542970);
INSERT INTO texture VALUES ("j~=", "966hio", 109653, 442361, -1221420028, 1327662547);
INSERT INTO texture VALUES ("k(4", "qvu5ch", 2056547, 82550, 143161258, 1844281978);
INSERT INTO texture VALUES ("kId", "d5mrei", 2106799, 97538, 2043538670, 1805865086);
INSERT INTO texture VALUES ("kJR", "yr5byr", 2582500, 181273, -1112833729, 1048912811);
INSERT INTO texture VALUES ("k_/", "2g8p9b", 1017582, 147603, 287415589, -113551033);
INSERT INTO texture VALUES ("kh&", "k15ag1", 2115116, 62254, 1711401716, 629233819);
INSERT INTO texture VALUES ("ki\", "yr5byr", 840347, 115333, -1350322725, 172543432);
INSERT INTO texture VALUES ("kj%", "qvu5ch", 788800, 108066, 476913244, -1246412117);
INSERT INTO texture VALUES ("l2U", "gat2un", 1149437, 121614, -427154282, -1859073923);
INSERT INTO texture VALUES ("lR%", "d5mrei", 1612569, 167345, -724278179, -1454268636);
INSERT INTO texture VALUES ("lkG", "y6o2uc", 2469233, 167493, -2040196077, 521490346);
INSERT INTO texture VALUES ("m-8", "kwmjfa", 2250122, 145418, -562425420, -456432788);
INSERT INTO texture VALUES ("mDC", "93e7yq", 908720, 119841, -1840495284, -422965373);
INSERT INTO texture VALUES ("mWn", "yss48z", 268746, 11946, 1911067574, -191776096);
INSERT INTO texture VALUES ("m]:", "nrtec4", 113545, 431162, 603874484, -1029386196);
INSERT INTO texture VALUES ("mo)", "kwmjfa", 817477, 105657, 1686329519, -389352403);
INSERT INTO texture VALUES ("muc", "k15ag1", 1111082, 127619, 144790185, -1050934813);
INSERT INTO texture VALUES ("n""K", "vz0u68", 507733, 19391, -1978230058, -8974519);
INSERT INTO texture VALUES ("n`d", "gat2un", 2323470, 153204, -1114178754, -1084737776);
INSERT INTO texture VALUES ("ney", "52npq3", 627089, 135881, 740148749, -175658872);
INSERT INTO texture VALUES ("nm*", "34fo2a", 1916358, 75827, 849405388, -1447224793);
INSERT INTO texture VALUES ("nxr", "34fo2a", 0, 102919, -1835778548, -1320753714);
INSERT INTO texture VALUES ("n{_", "k15ag1", 2036099, 79017, 597569346, -1859328733);
INSERT INTO texture VALUES ("n|\", "av1ioc", 785279, 19261, 1056491834, 1521870185);
INSERT INTO texture VALUES ("o&e", "f9nwgu", 412867, 324428, 2069958247, -933953893);
INSERT INTO texture VALUES ("o:K", "34fo2a", 6069019, 331977, 1563991516, -2075331015);
INSERT INTO texture VALUES ("o>Z", "966hio", 1426672, 143217, 1356429650, 2040533907);
INSERT INTO texture VALUES ("o_Q", "d5mrei", 114657, 397382, 2083960104, 911852959);
INSERT INTO texture VALUES ("ogE", "f9nwgu", 372600, 20747, -15480023, 1943034640);
INSERT INTO texture VALUES ("p#e", "93e7yq", 1353506, 202556, -477916404, -1955663591);
INSERT INTO texture VALUES ("p(R", "talywm", 659018, 108046, -1841386603, 1369731709);
INSERT INTO texture VALUES ("pQ\", "yss48z", 94108, 160478, 791902000, 1666780973);
INSERT INTO texture VALUES ("pv5", "qvu5ch", 1150024, 136581, -767242374, -1157874301);
INSERT INTO texture VALUES ("q*.", "k15ag1", 739198, 136979, 932509405, 1138809838);
INSERT INTO texture VALUES ("q1Y", "kg5nh3", 1002742, 118956, -43312759, -812856531);
INSERT INTO texture VALUES ("qF<", "k15ag1", 1913121, 122978, 132851342, -991895779);
INSERT INTO texture VALUES ("qKk", "8ny3oy", 2046519, 56071, -559941872, 1046045675);
INSERT INTO texture VALUES ("qQ)", "ktszk5", 1226857, 159441, 332997614, 1371918699);
INSERT INTO texture VALUES ("qh3", "93e7yq", 1556062, 159611, -1629612606, 931638001);
INSERT INTO texture VALUES ("qh4", "2g8p9b", 2212949, 106447, -710502840, -481824079);
INSERT INTO texture VALUES ("qqL", "gat2un", 757359, 128879, -132186727, 1880430035);
INSERT INTO texture VALUES ("r0|", "f9nwgu", 134325, 12559, -373090873, -1335118247);
INSERT INTO texture VALUES ("r<^", "7fevd6", 1130036, 134876, -1786633724, 1206626189);
INSERT INTO texture VALUES ("rEK", "2g8p9b", 623003, 137946, 2006611566, -328277285);
INSERT INTO texture VALUES ("rrf", "93e7yq", 0, 106456, 511789868, 2033505146);
INSERT INTO texture VALUES ("rsv", "yss48z", 785569, 319000, -1920117257, -2135798663);
INSERT INTO texture VALUES ("rz]", "kwmjfa", 923134, 110657, -1142792542, -1499783071);
INSERT INTO texture VALUES ("r~h", "8ny3oy", 2102590, 51390, -1300232616, -810924449);
INSERT INTO texture VALUES ("s3=", "52npq3", 5451542, 96771, -1575513216, -1830412968);
INSERT INTO texture VALUES ("s9Y", "8ny3oy", 2212733, 86531, 1716127611, -320063086);
INSERT INTO texture VALUES ("sA\", "gat2un", 1644722, 273227, -712260807, -1360838317);
INSERT INTO texture VALUES ("sDO", "966hio", 2157088, 76425, 1218841828, 350915099);
INSERT INTO texture VALUES ("sVJ", "k15ag1", 506570, 110614, 2053728456, 984178704);
INSERT INTO texture VALUES ("sc=", "966hio", 1755372, 204527, -1863091224, 984242682);
INSERT INTO texture VALUES ("sf?", "nrtec4", 1444185, 173615, 27860414, 588494063);
INSERT INTO texture VALUES ("sm:", "f9nwgu", 261561, 5353, -1484008917, -733743679);
INSERT INTO texture VALUES ("stW", "qvu5ch", 103866, 386956, 1172438903, -571047141);
INSERT INTO texture VALUES ("t3o", "2g8p9b", 2095268, 117681, 53302284, -994438189);
INSERT INTO texture VALUES ("tu`", "2g8p9b", 906494, 111088, -1389035643, 1717674149);
INSERT INTO texture VALUES ("u,K", "av1ioc", 861587, 6485, -265819061, -400193025);
INSERT INTO texture VALUES ("uBp", "vz0u68", 571063, 101330, 919015968, -1366395968);
INSERT INTO texture VALUES ("uT;", "op1rf1", 1150271, 148948, -1282549696, -938770885);
INSERT INTO texture VALUES ("uqD", "2g8p9b", 760949, 145545, -1069243279, -252050749);
INSERT INTO texture VALUES ("v'4", "k15ag1", 1385376, 147846, 1576541179, -225748961);
INSERT INTO texture VALUES ("v7$", "0yw1p4", 1494679, 240505, -1322279676, -1222750097);
INSERT INTO texture VALUES ("vAg", "mg08tt", 1662830, 348249, 682189569, 1665918317);
INSERT INTO texture VALUES ("vB'", "yr5byr", 1258025, 176832, -100041288, 95512075);
INSERT INTO texture VALUES ("vN*", "gat2un", 114145, 447363, -2049619957, 1494442018);
INSERT INTO texture VALUES ("vj8", "gat2un", 1382799, 261923, -1154618980, 1621306255);
INSERT INTO texture VALUES ("vw\", "34fo2a", 1548415, 180581, -1516446628, 1696299936);
INSERT INTO texture VALUES ("vyk", "yss48z", 1979065, 255758, -2048577838, -1558586476);
INSERT INTO texture VALUES ("w(_", "mg08tt", 2100579, 25887, 72659919, 2050625819);
INSERT INTO texture VALUES ("w<M", "34fo2a", 3898202, 124998, 472168265, -2060766848);
INSERT INTO texture VALUES ("wYY", "34fo2a", 4296981, 115725, 630137770, -1016325030);
INSERT INTO texture VALUES ("wY|", "yr5byr", 0, 119899, -268609259, -988228612);
INSERT INTO texture VALUES ("wZ.", "ktszk5", 2629122, 79744, 590828017, -95840509);
INSERT INTO texture VALUES ("wt3", "vz0u68", 556541, 6831, -1866541166, -1630080930);
INSERT INTO texture VALUES ("wy8", "ktszk5", 1014385, 100894, 1567647440, 1486768449);
INSERT INTO texture VALUES ("w~>", "34fo2a", 2729667, 120168, -1069719496, -1167665319);
INSERT INTO texture VALUES ("x!t", "0yw1p4", 1992166, 257256, 706468483, -471563469);
INSERT INTO texture VALUES ("x*X", "7fevd6", 1729404, 301439, -754631637, -1569817683);
INSERT INTO texture VALUES ("xNP", "2g8p9b", 1778372, 221690, 1690336075, -1996799640);
INSERT INTO texture VALUES ("x[7", "34fo2a", 2345296, 125462, 619259368, -1729415642);
INSERT INTO texture VALUES ("x[g", "y6o2uc", 1503635, 150912, 96220212, -169773016);
INSERT INTO texture VALUES ("x\>", "op1rf1", 2612735, 139770, 2031679316, -901355894);
INSERT INTO texture VALUES ("x_N", "kg5nh3", 1121698, 119433, -408088977, -1570329368);
INSERT INTO texture VALUES ("xbv", "qvu5ch", 1988582, 67965, -1755753535, -17808135);
INSERT INTO texture VALUES ("xov", "mg08tt", 2126466, 19153, -1621197350, -644616437);
INSERT INTO texture VALUES ("y4`", "k15ag1", 0, 107732, 1689842131, -2076341286);
INSERT INTO texture VALUES ("yDP", "0yw1p4", 0, 115927, -18194049, -61303208);
INSERT INTO texture VALUES ("yqJ", "34fo2a", 700170, 103587, 1018884774, 688587117);
INSERT INTO texture VALUES ("ysX", "93e7yq", 2107215, 110458, -80476577, 1528569187);
INSERT INTO texture VALUES ("zJ2", "kwmjfa", 106270, 434122, -803727055, -227368650);
INSERT INTO texture VALUES ("zXy", "52npq3", 897646, 141268, -815591099, -355894119);
INSERT INTO texture VALUES ("zt)", "52npq3", 2087988, 106684, -2002876087, 690910543);
INSERT INTO texture VALUES ("{!)", "qvu5ch", 588650, 107830, 1755582346, -2123476532);
INSERT INTO texture VALUES ("{$a", "kwmjfa", 1341874, 125312, 1775698981, 1569880832);
INSERT INTO texture VALUES ("{.U", "talywm", 0, 469145, 938292403, -261618794);
INSERT INTO texture VALUES ("{7&", "7fevd6", 104978, 427072, 1247595204, 461553923);
INSERT INTO texture VALUES ("{>Q", "yr5byr", 546534, 137751, -1278290489, 981991349);
INSERT INTO texture VALUES ("{B-", "k15ag1", 993116, 117966, -902540216, -986406927);
INSERT INTO texture VALUES ("{Y+", "y6o2uc", 120677, 441201, 22790145, -590814792);
INSERT INTO texture VALUES ("{gT", "34fo2a", 2849835, 137065, 933855467, -399790584);
INSERT INTO texture VALUES ("{pq", "nrtec4", 894979, 148460, 84987627, -1968659329);
INSERT INTO texture VALUES ("|5q", "966hio", 2233513, 71913, -1259652222, -1301777695);
INSERT INTO texture VALUES ("|aC", "2g8p9b", 1420916, 177482, -857734366, -919420788);
INSERT INTO texture VALUES ("|g{", "k15ag1", 2177370, 119971, 856026970, -219270792);
INSERT INTO texture VALUES ("|wb", "966hio", 996114, 110874, -442706461, 1652619052);
INSERT INTO texture VALUES ("}@|", "op1rf1", 1811972, 171609, 1042377934, -1161556501);
INSERT INTO texture VALUES ("}EW", "7fevd6", 2540487, 117313, 394757653, 1441117656);
INSERT INTO texture VALUES ("}al", "gat2un", 0, 114145, -889008195, 521470099);
INSERT INTO texture VALUES ("}m$", "talywm", 638734, 6614, 504257704, 1665927098);
INSERT INTO texture VALUES ("}}z", "gat2un", 1271051, 111748, -2032419412, -1935226790);
INSERT INTO texture VALUES ("~-J", "mg08tt", 2078657, 21922, -838251093, 591542089);
INSERT INTO texture VALUES ("~E|", "8ny3oy", 1152962, 116460, 680033847, -1182514421);
INSERT INTO texture VALUES ("~K4", "kg5nh3", 0, 118557, -1658853258, -1296895851);
INSERT INTO texture VALUES ("~^n", "52npq3", 1411193, 191996, -1711636764, -325043135);
