INSERT INTO m_asset_pack VALUES("gbntg3", 0);
INSERT INTO m_asset_package_mapping VALUES("main", "gbntg3", 6425084, NULL, 0, 1);
INSERT INTO m_asset_pack VALUES("5jzxe7", 0);
INSERT INTO m_asset_package_mapping VALUES("main", "5jzxe7", 8965803, NULL, 0, 1);
INSERT INTO m_asset_pack VALUES("cla995", 0);
INSERT INTO m_asset_package_mapping VALUES("main", "cla995", 9083998, NULL, 0, 1);
INSERT INTO m_asset_pack VALUES("fft5fy", 0);
INSERT INTO m_asset_package_mapping VALUES("main", "fft5fy", 9683328, NULL, 0, 1);
INSERT INTO m_asset_pack VALUES("g1d6bd", 0);
INSERT INTO m_asset_package_mapping VALUES("main", "g1d6bd", 8033793, NULL, 0, 1);
INSERT INTO m_asset_pack VALUES("m97q9y", 0);
INSERT INTO m_asset_package_mapping VALUES("main", "m97q9y", 6953338, NULL, 0, 1);
INSERT INTO m_asset_pack VALUES("rccib2", 0);
INSERT INTO m_asset_package_mapping VALUES("main", "rccib2", 8125197, NULL, 0, 1);
INSERT INTO m_asset_pack VALUES("204a18", 0);
INSERT INTO m_asset_package_mapping VALUES("main", "204a18", 7167082, NULL, 0, 1);
INSERT INTO m_asset_pack VALUES("np05vj", 0);
INSERT INTO m_asset_package_mapping VALUES("main", "np05vj", 8483077, NULL, 0, 1);
INSERT INTO m_asset_pack VALUES("mjuea4", 0);
INSERT INTO m_asset_package_mapping VALUES("main", "mjuea4", 7067317, NULL, 0, 1);
INSERT INTO m_asset_pack VALUES("5vx1dq", 0);
INSERT INTO m_asset_package_mapping VALUES("main", "5vx1dq", 8183664, NULL, 0, 1);
INSERT INTO m_asset_package_mapping VALUES("main", "wey34o", 1045721, NULL, 0, 1);
INSERT INTO m_asset_package_mapping VALUES("main", "7d2sna", 420922, NULL, 0, 1);
INSERT INTO m_asset_pack VALUES("m2jezu", 0);
INSERT INTO m_asset_package_mapping VALUES("main", "m2jezu", 596765, NULL, 0, 1);
INSERT INTO m_asset_package_mapping VALUES("main", "c9zftx", 497466, NULL, 0, 1);
INSERT INTO m_asset_pack VALUES("8ysj3r", 0);
INSERT INTO m_asset_package_mapping VALUES("main", "8ysj3r", 617874, NULL, 0, 1);
INSERT INTO m_asset_package_mapping VALUES("main", "18vy5a", 334434, NULL, 0, 1);
INSERT INTO m_asset_pack VALUES("9rpoy6", 0);
INSERT INTO m_asset_package_mapping VALUES("main", "9rpoy6", 517920, NULL, 0, 1);
INSERT INTO m_asset_pack VALUES("9djoov", 0);
INSERT INTO m_asset_package_mapping VALUES("main", "9djoov", 635194, NULL, 0, 1);
INSERT INTO m_asset_pack VALUES("s77zfx", 0);
INSERT INTO m_asset_package_mapping VALUES("main", "s77zfx", 9184, NULL, 0, 1);
INSERT INTO m_asset_pack VALUES("hpqya5", 0);
INSERT INTO m_asset_package_mapping VALUES("main", "hpqya5", 1391400, NULL, 0, 1);
INSERT INTO m_asset_pack VALUES("u4f7ev", 0);
INSERT INTO m_asset_package_mapping VALUES("main", "u4f7ev", 9760, NULL, 0, 1);
INSERT INTO m_asset_pack VALUES("vv0fub", 0);
INSERT INTO m_asset_package_mapping VALUES("main", "vv0fub", 1395232, NULL, 0, 1);
INSERT INTO m_asset_package_mapping VALUES("main", "ghm1os", 4009397, NULL, 0, 1);
INSERT INTO m_asset_package_mapping VALUES("main", "1jqy13", 204920, NULL, 0, 1);
INSERT INTO m_asset_package_mapping VALUES("main", "x9y2x9", 3079115, NULL, 0, 1);
UPDATE m_asset_package SET version = "c7156633777fdbbf5e624d12d643420888788919", pack_num = (SELECT COUNT(*) FROM m_asset_package_mapping WHERE package_key="main") WHERE package_key = "main";
INSERT INTO texture VALUES ("!+q", "gbntg3", 1997695, 173683, 1152027745, 1641994297);
INSERT INTO texture VALUES ("!3)", "tdeqnh", 2965453, 319139, 1238855874, 5745320);
INSERT INTO texture VALUES ("!EF", "5jzxe7", 1109490, 147893, -481404316, 456021234);
INSERT INTO texture VALUES ("!e`", "cla995", 1935044, 223428, -1197064580, -211123949);
INSERT INTO texture VALUES ("!{O", "gbntg3", 1736717, 64233, 361990264, 685844019);
INSERT INTO texture VALUES ("""\Y", "28xqva", 1691855, 6219, 1288291444, 264364428);
INSERT INTO texture VALUES ("""_@", "fft5fy", 1165272, 111817, -1879435535, -46627701);
INSERT INTO texture VALUES ("""f;", "g1d6bd", 784333, 149937, -1314944036, 1657197252);
INSERT INTO texture VALUES ("""~W", "m97q9y", 1568815, 185483, 1459621077, -1504207298);
INSERT INTO texture VALUES ("#.`", "ou9aka", 481911, 20823, -759257540, -548845525);
INSERT INTO texture VALUES ("#@j", "k34l8f", 0, 95254, -735452913, 1105517002);
INSERT INTO texture VALUES ("#E4", "28xqva", 1043080, 293683, 472936457, 1798320174);
INSERT INTO texture VALUES ("#f&", "rccib2", 597142, 106098, -129959412, -235485844);
INSERT INTO texture VALUES ("#~+", "b4d0si", 1452789, 229777, 574964816, -1515522511);
INSERT INTO texture VALUES ("$)[", "204a18", 1264223, 175729, -190599772, -388391136);
INSERT INTO texture VALUES ("$Yo", "np05vj", 848640, 144084, 864881612, -1492756528);
INSERT INTO texture VALUES ("$cM", "kqbne7", 102477, 405786, 1282492176, 1940452155);
INSERT INTO texture VALUES ("%3o", "rccib2", 1138093, 124751, -951194784, -372177404);
INSERT INTO texture VALUES ("%b9", "b4d0si", 876332, 319566, -479486641, 1236088177);
INSERT INTO texture VALUES ("%lC", "gbntg3", 4194024, 108467, 1167897816, -1412879096);
INSERT INTO texture VALUES ("&#{", "g1d6bd", 564263, 73057, -1440832951, -1106770461);
INSERT INTO texture VALUES ("&?+", "g1d6bd", 1943550, 268676, -1261386944, -780869245);
INSERT INTO texture VALUES ("&^S", "gbntg3", 811478, 108101, 1815037897, -2092568161);
INSERT INTO texture VALUES ("')k", "9qxzec", 1835014, 60615, -602207966, 1638789944);
INSERT INTO texture VALUES ("'<8", "28xqva", 1685297, 6558, -2130612371, -2079728669);
INSERT INTO texture VALUES ("']b", "m97q9y", 2304352, 65998, 1390538333, -1917508330);
INSERT INTO texture VALUES ("'~)", "mbllqo", 1708561, 21064, -3359246, -1279137900);
INSERT INTO texture VALUES (")9d", "rccib2", 1735136, 256982, 1091204083, -1001325783);
INSERT INTO texture VALUES ("):8", "rccib2", 2249374, 151784, 1447777784, 60157046);
INSERT INTO texture VALUES (")<P", "mjuea4", 564123, 99794, 963404723, 2142003509);
INSERT INTO texture VALUES (")>b", "cla995", 2469926, 165026, -221565214, -261418950);
INSERT INTO texture VALUES (")O:", "7wjtil", 422436, 20080, -1210604040, -1151645234);
INSERT INTO texture VALUES (")nO", "5vx1dq", 1033955, 146918, 241918974, -991749133);
INSERT INTO texture VALUES ("*4!", "v8i4il", 3047303, 71753, 637037668, 679355633);
INSERT INTO texture VALUES ("*J}", "28xqva", 756972, 286108, 2093037690, -537755409);
INSERT INTO texture VALUES ("*Yk", "k3buux", 113183, 414989, -512275674, -1371812883);
INSERT INTO texture VALUES ("*s2", "v8i4il", 3179679, 74906, -2020218559, -418490165);
INSERT INTO texture VALUES (",73", "fft5fy", 1976304, 109869, -931331447, -207656513);
INSERT INTO texture VALUES (",:;", "5jzxe7", 1631171, 211126, 1552383162, 2023040911);
INSERT INTO texture VALUES (",?9", "5vx1dq", 2395704, 100601, 1573661266, 242895084);
INSERT INTO texture VALUES (",j<", "7wjtil", 480497, 15558, 1036509336, -1999303812);
INSERT INTO texture VALUES ("-~x", "gbntg3", 1411657, 144479, -1646432366, -1856617343);
INSERT INTO texture VALUES (".%L", "204a18", 531361, 113448, -664480856, 744159313);
INSERT INTO texture VALUES (".:t", "v8i4il", 3323919, 75164, 196526158, 1257465622);
INSERT INTO texture VALUES ("/K(", "m97q9y", 550940, 145796, -410438635, -908689628);
INSERT INTO texture VALUES ("00*", "r1tmzy", 531911, 20735, 740970181, -810385567);
INSERT INTO texture VALUES ("16O", "wobbht", 468678, 6907, -1490573573, -466837666);
INSERT INTO texture VALUES ("1:z", "28xqva", 1698074, 69989, -1269066071, 1091280169);
INSERT INTO texture VALUES ("1Dj", "rccib2", 1390440, 104191, -713381147, 572344519);
INSERT INTO texture VALUES ("1SC", "np05vj", 726713, 121927, 1775836649, 1367515764);
INSERT INTO texture VALUES ("1Z2", "5vx1dq", 1715765, 273829, 366810645, -169837687);
INSERT INTO texture VALUES ("2H8", "y9w7gz", 408449, 6245, 1801400771, 1795970853);
INSERT INTO texture VALUES ("3(h", "v8i4il", 3254585, 69334, -190518207, -986762586);
INSERT INTO texture VALUES ("3>k", "5jzxe7", 1842297, 190424, 1824387996, 353791749);
INSERT INTO texture VALUES ("4%P", "b4d0si", 1691455, 109939, 1653823069, 1608428970);
INSERT INTO texture VALUES ("46T", "g1d6bd", 1168257, 176255, 1057885445, -1692863091);
INSERT INTO texture VALUES ("4V}", "5ykpc4", 406154, 6782, 1479507068, 1387087596);
INSERT INTO texture VALUES ("4XO", "m97q9y", 1958825, 197189, 158381137, -1774800314);
INSERT INTO texture VALUES ("5`B", "gbntg3", 2476268, 111322, 1239394614, 475576885);
INSERT INTO texture VALUES ("6!_", "f9nwgu", 308482, 19992, 409717872, -1273046423);
INSERT INTO texture VALUES ("6Zx", "gbntg3", 2992410, 135985, -425992554, -667003208);
INSERT INTO texture VALUES ("6j\", "gbntg3", 4872928, 118420, 166431145, -21369427);
INSERT INTO texture VALUES ("718", "mjuea4", 2479289, 117967, -487174978, -7840754);
INSERT INTO texture VALUES ("8FA", "q1qvyk", 698245, 267406, 420138062, 59119336);
INSERT INTO texture VALUES ("8zj", "r1tmzy", 625372, 25315, -331258180, 1935366518);
INSERT INTO texture VALUES ("9,X", "np05vj", 496797, 93506, 1401464866, -1160636538);
INSERT INTO texture VALUES ("9?&", "np05vj", 1278777, 148102, 1594780385, -275833446);
INSERT INTO texture VALUES ("9DN", "mbllqo", 1843101, 24081, -164100757, -1322090140);
INSERT INTO texture VALUES (":'^", "rccib2", 2401158, 134608, 1285839284, 1857787688);
INSERT INTO texture VALUES (":5n", "gbntg3", 3128395, 120645, -158715197, 1324227004);
INSERT INTO texture VALUES (":>d", "mjuea4", 888853, 127656, -1456252363, -1484115411);
INSERT INTO texture VALUES (":Mr", "5jzxe7", 2422142, 159716, 1174551369, 122702952);
INSERT INTO texture VALUES (":l`", "5jzxe7", 2032721, 204997, 499655276, -1131891948);
INSERT INTO texture VALUES (";'V", "gbntg3", 4557937, 186949, -266323130, -1993080040);
INSERT INTO texture VALUES (";2+", "rccib2", 2535766, 167248, 570133657, -1168661788);
INSERT INTO texture VALUES (";5u", "mjuea4", 1016509, 135543, 219864157, 2144787923);
INSERT INTO texture VALUES (";b;", "i43aid", 3141733, 253208, 538774314, 595096385);
INSERT INTO texture VALUES (";iG", "gbntg3", 3487760, 145952, 984717573, 1709448192);
INSERT INTO texture VALUES (";lL", "gbntg3", 3772872, 130840, 1140475326, -214387936);
INSERT INTO texture VALUES (";zY", "m2jezu", 0, 101677, 1791858880, -187829068);
INSERT INTO texture VALUES ("<:t", "f0mdtv", 643581, 260589, 1238171434, -1812679997);
INSERT INTO texture VALUES ("<KO", "fbvaxg", 582922, 69516, 1579822535, -1670010084);
INSERT INTO texture VALUES ("<c}", "gbntg3", 4028710, 165314, 1677451670, -861915908);
INSERT INTO texture VALUES ("=4,", "rccib2", 848194, 133710, -874807824, -1097516658);
INSERT INTO texture VALUES ("=D=", "muwfnf", 1206916, 233431, 1954739842, 863084172);
INSERT INTO texture VALUES ("=[b", "r1tmzy", 552646, 26431, 1454205289, 942117501);
INSERT INTO texture VALUES (">P*", "r1tmzy", 579077, 18979, 2114472356, 2036294546);
INSERT INTO texture VALUES (">U}", "5vx1dq", 1180873, 161165, -1654358544, -338375811);
INSERT INTO texture VALUES (">mK", "ou9aka", 461835, 20076, -2124023328, -1246214229);
INSERT INTO texture VALUES (">vs", "gbntg3", 2171378, 179428, -896973896, 298266876);
INSERT INTO texture VALUES ("?bR", "b4d0si", 1682566, 1440, -1274336849, 289124408);
INSERT INTO texture VALUES ("?mi", "5vx1dq", 2496305, 132121, -135015446, 1746300591);
INSERT INTO texture VALUES ("@3;", "muwfnf", 1703621, 6107, 927927086, -60486753);
INSERT INTO texture VALUES ("@M;", "b4d0si", 1684006, 2680, -1298566687, 57920477);
INSERT INTO texture VALUES ("@g[", "204a18", 2030154, 264343, 650751792, -905790888);
INSERT INTO texture VALUES ("AcY", "fft5fy", 761155, 134676, -1180864085, 2129270882);
INSERT INTO texture VALUES ("Av:", "np05vj", 992724, 169593, -1164604386, -2015546569);
INSERT INTO texture VALUES ("B&-", "7wjtil", 442516, 18630, -1790408284, 1825638778);
INSERT INTO texture VALUES ("BXC", "k3buux", 528172, 70900, -1608353105, -408382758);
INSERT INTO texture VALUES ("Bo~", "b4d0si", 1195898, 256891, -500267218, 1561431410);
INSERT INTO texture VALUES ("Bs#", "fbvaxg", 109335, 473587, -157035220, 1004171532);
INSERT INTO texture VALUES ("C1U", "cla995", 2312192, 157734, -340758097, -1740776424);
INSERT INTO texture VALUES ("Csy", "fft5fy", 3379628, 139954, -523543560, -1275629377);
INSERT INTO texture VALUES ("C{|", "gbntg3", 919579, 98271, 997290017, -742295674);
INSERT INTO texture VALUES ("DO`", "gbntg3", 4418216, 139721, -1466369603, 537428201);
INSERT INTO texture VALUES ("DvP", "y9w7gz", 420677, 127249, -197481182, -1824060885);
INSERT INTO texture VALUES ("Dxt", "8ysj3r", 547010, 70864, 1552813833, -1532249036);
INSERT INTO texture VALUES ("E&W", "m97q9y", 5254087, 134069, -512969632, -2101833427);
INSERT INTO texture VALUES ("E0~", "v8i4il", 3119056, 60623, 273660902, 1664922066);
INSERT INTO texture VALUES ("Ev$", "7wjtil", 461146, 19351, 399069407, 422367057);
INSERT INTO texture VALUES ("F$K", "np05vj", 1426879, 191118, 564835318, 901141879);
INSERT INTO texture VALUES ("F>#", "cla995", 863397, 156818, 2025380579, -327789465);
INSERT INTO texture VALUES ("Fp`", "204a18", 644809, 117925, -1779646293, -836135533);
INSERT INTO texture VALUES ("G%}", "ou9aka", 442123, 19712, -1701975607, -40356143);
INSERT INTO texture VALUES ("GgM", "5jzxe7", 1434215, 196956, 764349325, -1486265511);
INSERT INTO texture VALUES ("Gnh", "gbntg3", 1115314, 131130, -1611248795, 1819064143);
INSERT INTO texture VALUES ("H!_", "muwfnf", 896638, 310278, 34431444, -2021712097);
INSERT INTO texture VALUES ("Hb[", "mjuea4", 1920564, 260973, -1583798108, -1760537941);
INSERT INTO texture VALUES ("HlT", "28xqva", 1678668, 6629, -1309610173, -30456132);
INSERT INTO texture VALUES ("Jwv", "cla995", 1121109, 111578, -747131715, -817809024);
INSERT INTO texture VALUES ("K/\", "gbntg3", 3633712, 139160, 1675827361, 397534967);
INSERT INTO texture VALUES ("K9%", "muwfnf", 1709728, 94822, -476081749, 1524714238);
INSERT INTO texture VALUES ("KJ=", "g1d6bd", 2212226, 259392, -1840379803, -488777187);
INSERT INTO texture VALUES ("KmB", "5jzxe7", 2237718, 184424, 1759174262, 538845011);
INSERT INTO texture VALUES ("Kxs", "7wjtil", 496055, 18345, -902217133, 1448864903);
INSERT INTO texture VALUES ("L$G", "5jzxe7", 955038, 154452, 1391485945, -1609629767);
INSERT INTO texture VALUES ("L=[", "femeog", 1715620, 21212, -613089452, 1297519910);
INSERT INTO texture VALUES ("LG(", "cla995", 2158472, 153720, -577004611, -698964121);
INSERT INTO texture VALUES ("Lca", "wobbht", 462309, 6369, -300595871, -81655383);
INSERT INTO texture VALUES ("Mbe", "7wjtil", 533791, 22726, -458613386, -854142669);
INSERT INTO texture VALUES ("MqB", "28xqva", 394064, 362908, -952254654, 888036692);
INSERT INTO texture VALUES ("O+r", "np05vj", 1617997, 208205, 785456314, 875198420);
INSERT INTO texture VALUES ("OAR", "mbllqo", 1751915, 24224, -2001181319, 635154374);
INSERT INTO texture VALUES ("OKJ", "204a18", 2436102, 53686, -1936962371, -200311115);
INSERT INTO texture VALUES ("Oah", "5vx1dq", 540556, 145341, 1263705424, -472935332);
INSERT INTO texture VALUES ("Pso", "gbntg3", 1800950, 56313, -1999665705, 1902238751);
INSERT INTO texture VALUES ("Q(~", "cla995", 1541361, 209847, 415355892, 1100564686);
INSERT INTO texture VALUES ("Q:b", "m97q9y", 1105914, 145711, -1683771450, 52293784);
INSERT INTO texture VALUES ("QI4", "m97q9y", 4741850, 185567, -2063625830, -826656094);
INSERT INTO texture VALUES ("Q`F", "r1tmzy", 504335, 27576, 2123449559, 844142342);
INSERT INTO texture VALUES ("QsG", "v8i4il", 2981953, 65350, -963803290, -2041755646);
INSERT INTO texture VALUES ("R#K", "cla995", 572195, 135973, -1937499637, -1851407890);
INSERT INTO texture VALUES ("R2R", "5vx1dq", 1467350, 248415, -213612072, 1467605193);
INSERT INTO texture VALUES ("R8@", "k34l8f", 95254, 377233, -2008247658, -495740012);
INSERT INTO texture VALUES ("RI^", "np05vj", 590303, 136410, -385908620, -1106755778);
INSERT INTO texture VALUES ("RXv", "204a18", 762734, 148505, 1268272554, -1074354531);
INSERT INTO texture VALUES ("SCW", "v8i4il", 3399083, 74878, 2135250085, -1124739719);
INSERT INTO texture VALUES ("STo", "g1d6bd", 1344512, 161508, 1588531120, 1500059388);
INSERT INTO texture VALUES ("S\~", "fft5fy", 1277089, 132289, 1645238612, -1917202510);
INSERT INTO texture VALUES ("T5L", "2qhyou", 0, 110116, 163028976, 169916634);
INSERT INTO texture VALUES ("TG/", "f9nwgu", 266914, 21713, 876161054, -163404687);
INSERT INTO texture VALUES ("TQZ", "cla995", 1392128, 149233, 1858673956, 1630101040);
INSERT INTO texture VALUES ("TjO", "y9w7gz", 0, 401888, -1994778008, -1524285865);
INSERT INTO texture VALUES ("TlH", "rccib2", 981904, 156189, 1738612528, -607479049);
INSERT INTO texture VALUES ("U$!", "g1d6bd", 2639111, 83132, -118311433, 1948982823);
INSERT INTO texture VALUES ("U,0", "fft5fy", 2192857, 105368, -282633914, 1549137950);
INSERT INTO texture VALUES ("Ufp", "g1d6bd", 934270, 233987, 1894576444, 1417185848);
INSERT INTO texture VALUES ("VG+", "m2jezu", 533946, 62819, -691431825, -1431782728);
INSERT INTO texture VALUES ("VqW", "gbntg3", 4991348, 115016, 693386658, -1171693499);
INSERT INTO texture VALUES ("W,b", "mjuea4", 2181537, 144548, 976095357, 1439294384);
INSERT INTO texture VALUES ("Wrc", "cla995", 708168, 155229, 1692189595, -1325931391);
INSERT INTO texture VALUES ("WuT", "np05vj", 2163335, 58753, -533599117, 1453504800);
INSERT INTO texture VALUES ("X%G", "5ykpc4", 419825, 7416, -409175940, -1889902349);
INSERT INTO texture VALUES ("XRc", "np05vj", 1826202, 229672, 1115842070, -119540230);
INSERT INTO texture VALUES ("Xa5", "9rpoy6", 95146, 352915, 931716032, -1144100719);
INSERT INTO texture VALUES ("Xn:", "f9nwgu", 393347, 19520, -1806072009, -1232760930);
INSERT INTO texture VALUES ("Y5u", "gbntg3", 4744886, 128042, -930556467, 1208622390);
INSERT INTO texture VALUES ("Y]t", "hzfdzb", 547574, 79066, 809958457, -1408779796);
INSERT INTO texture VALUES ("Yz8", "gbntg3", 1857263, 66816, 1215407767, -1148195112);
INSERT INTO texture VALUES ("Z90", "mjuea4", 663917, 96057, -2045556690, 1358554219);
INSERT INTO texture VALUES ("ZKh", "m97q9y", 1251625, 173973, 551365787, -1238323769);
INSERT INTO texture VALUES ("Zk'", "fft5fy", 1784041, 192263, -1935488272, -1001383651);
INSERT INTO texture VALUES ("[;j", "204a18", 1439952, 288763, 1762060992, 335924187);
INSERT INTO texture VALUES ("[qd", "cla995", 1751208, 183836, 570053577, 1986270364);
INSERT INTO texture VALUES ("\5B", "204a18", 2294497, 141605, 735535398, 1044388321);
INSERT INTO texture VALUES ("]6b", "fft5fy", 1601374, 182667, -1131029824, 781828854);
INSERT INTO texture VALUES ("]E5", "m97q9y", 838804, 156236, 981635726, 88680362);
INSERT INTO texture VALUES ("]O2", "f9nwgu", 328474, 22362, -1101725751, 47040009);
INSERT INTO texture VALUES ("]cg", "muwfnf", 585857, 310781, -1328662213, -1883822665);
INSERT INTO texture VALUES ("]n~", "f9nwgu", 288627, 19855, -2058832761, 537728382);
INSERT INTO texture VALUES ("]xS", "fft5fy", 524503, 100771, 739495078, -1037852610);
INSERT INTO texture VALUES ("^H8", "9djoov", 0, 98937, 2119850273, -915407872);
INSERT INTO texture VALUES ("^Kp", "g1d6bd", 2722243, 124885, -2098482220, 1010076451);
INSERT INTO texture VALUES ("^j:", "gbntg3", 1246444, 165213, -1249633315, -98534622);
INSERT INTO texture VALUES ("`()", "gbntg3", 2587590, 147587, 1102187565, 945851692);
INSERT INTO texture VALUES ("`^Q", "bj6qpc", 654557, 351350, -202560944, -303397969);
INSERT INTO texture VALUES ("`mt", "b4d0si", 566578, 309754, 2094860994, 1044450014);
INSERT INTO texture VALUES ("`xB", "gbntg3", 596157, 111734, 1608409809, 897740684);
INSERT INTO texture VALUES ("a#;", "gbntg3", 3249040, 135191, -778534808, -1003582822);
INSERT INTO texture VALUES ("aCT", "y9w7gz", 401888, 6561, -761040921, 1923381126);
INSERT INTO texture VALUES ("ah\", "gbntg3", 473651, 122506, 782259520, -1598482207);
INSERT INTO texture VALUES ("b!x", "muwfnf", 1691168, 6507, 1201614046, -1414447530);
INSERT INTO texture VALUES ("b""Z", "rccib2", 703240, 144954, -1920895130, 343241603);
INSERT INTO texture VALUES ("bR9", "r1tmzy", 481098, 23237, -1222374890, -974123724);
INSERT INTO texture VALUES ("bV8", "gbntg3", 3384231, 103529, 674592929, 321865817);
INSERT INTO texture VALUES ("b[l", "m97q9y", 3822654, 134692, 1915440939, -1648283078);
INSERT INTO m_asset_sound VALUES ("bgm_0023", "s77zfx", "hpqya5");
INSERT INTO m_asset_sound VALUES ("bgm_0024", "u4f7ev", "vv0fub");
INSERT INTO texture VALUES ("cE>", "204a18", 911239, 123085, -1417759239, 117920195);
INSERT INTO texture VALUES ("cYk", "r1tmzy", 598056, 27316, -600512953, 1689147171);
INSERT INTO texture VALUES ("dH8", "5vx1dq", 685897, 131744, 431855478, 1133636396);
INSERT INTO texture VALUES ("dI`", "5jzxe7", 683643, 156062, -988492052, 1746419746);
INSERT INTO texture VALUES ("dJ~", "m97q9y", 696736, 142068, 862756767, -58595189);
INSERT INTO texture VALUES ("e""r", "2qhyou", 110116, 439882, -121004133, -2024738090);
INSERT INTO texture VALUES ("e%G", "nzsuxq", 0, 98851, -149207695, -1841470605);
INSERT INTO texture VALUES ("f(O", "rccib2", 1262844, 127596, -418521471, 697167114);
INSERT INTO texture VALUES ("f13", "204a18", 1034324, 95023, 1492264237, 1376450512);
INSERT INTO texture VALUES ("f2z", "ou9aka", 423303, 18820, 1365956681, -1444163396);
INSERT INTO texture VALUES ("fGz", "nzsuxq", 524578, 62256, 878123300, 608151805);
INSERT INTO texture VALUES ("fMA", "204a18", 2489788, 50010, -942818542, -940201471);
INSERT INTO texture VALUES ("fwU", "kqbne7", 508263, 76897, -1332664422, 257614474);
INSERT INTO texture VALUES ("gVr", "kqbne7", 0, 102477, -214560277, -2012794065);
INSERT INTO texture VALUES ("g_7", "g1d6bd", 1656932, 286618, -372408812, -1145082258);
INSERT INTO texture VALUES ("gwq", "ou9aka", 521995, 22335, 946420201, 971803665);
INSERT INTO texture VALUES ("h.0", "28xqva", 0, 394064, 1849552453, -20621353);
INSERT INTO texture VALUES ("h@a", "5ykpc4", 0, 406154, -17478715, -9317426);
INSERT INTO texture VALUES ("hd%", "gbntg3", 1017850, 97464, 1507903225, -48123566);
INSERT INTO texture VALUES ("i&$", "fft5fy", 1037099, 128173, 1518167437, -83233199);
INSERT INTO texture VALUES ("iQs", "g1d6bd", 637320, 147013, 264322253, -585952040);
INSERT INTO texture VALUES ("jQ=", "5vx1dq", 1989594, 260692, -273048719, 1939352600);
INSERT INTO texture VALUES ("j\?", "mbllqo", 1729625, 22290, 1930485852, -798292552);
INSERT INTO texture VALUES ("jii", "ou9aka", 544330, 21044, -2037344390, -1673688182);
INSERT INTO texture VALUES ("jlc", "hzfdzb", 0, 114652, -1772078202, -1559864052);
INSERT INTO texture VALUES ("j~=", "m2jezu", 101677, 432269, -1764206155, -22840277);
INSERT INTO texture VALUES ("kJR", "5jzxe7", 2581858, 181273, -1585546458, 646271172);
INSERT INTO texture VALUES ("ki\", "5jzxe7", 839705, 115333, -884266188, -1076923547);
INSERT INTO texture VALUES ("l2U", "mjuea4", 1152052, 121614, 980242622, -763142983);
INSERT INTO texture VALUES ("lkG", "g1d6bd", 2471618, 167493, 1508828158, -122346440);
INSERT INTO texture VALUES ("m-8", "5vx1dq", 2250286, 145418, -33912978, 704202347);
INSERT INTO texture VALUES ("mWn", "muwfnf", 1697675, 5946, -1113138612, -1940937064);
INSERT INTO texture VALUES ("mo)", "5vx1dq", 817641, 105657, -1011430491, -274369334);
INSERT INTO texture VALUES ("n""K", "7wjtil", 514400, 19391, -1567373637, 1786761075);
INSERT INTO texture VALUES ("n`d", "mjuea4", 2326085, 153204, 190416698, -1830657471);
INSERT INTO texture VALUES ("ney", "fft5fy", 625274, 135881, 2142441119, 752886578);
INSERT INTO texture VALUES ("nm*", "9rpoy6", 448061, 69859, 1428112924, -1052309449);
INSERT INTO texture VALUES ("nxr", "9rpoy6", 0, 95146, 1593697914, -1371061769);
INSERT INTO texture VALUES ("n|\", "ou9aka", 502734, 19261, -1039857589, 1307079509);
INSERT INTO texture VALUES ("o&e", "b4d0si", 254795, 311783, 351710843, -2047343493);
INSERT INTO texture VALUES ("o:K", "f0mdtv", 904170, 320835, 766696927, -1325333764);
INSERT INTO texture VALUES ("o>Z", "m97q9y", 1425598, 143217, 1536149097, -1457505128);
INSERT INTO texture VALUES ("ogE", "f9nwgu", 372600, 20747, -15480023, 1943034640);
INSERT INTO texture VALUES ("p(R", "wobbht", 475585, 93304, 1763602232, -1686927575);
INSERT INTO texture VALUES ("pQ\", "v8i4il", 4094107, 160478, -51424220, -623035824);
INSERT INTO texture VALUES ("qKk", "np05vj", 2055874, 56071, -313891111, 87677940);
INSERT INTO texture VALUES ("qQ)", "cla995", 1232687, 159441, 2055661037, 341307862);
INSERT INTO texture VALUES ("qqL", "mjuea4", 759974, 128879, -601436363, -139643099);
INSERT INTO texture VALUES ("r0|", "f9nwgu", 134325, 12559, -373090873, -1335118247);
INSERT INTO texture VALUES ("r<^", "204a18", 1129347, 134876, 1924995437, 715165580);
INSERT INTO texture VALUES ("rsv", "muwfnf", 267418, 318439, -393020834, -1621704029);
INSERT INTO texture VALUES ("rz]", "5vx1dq", 923298, 110657, -449783799, -778689685);
INSERT INTO texture VALUES ("r~h", "np05vj", 2111945, 51390, -561589492, -621853271);
INSERT INTO texture VALUES ("s3=", "fft5fy", 5446247, 96771, -505103542, -339934703);
INSERT INTO texture VALUES ("s9Y", "k34l8f", 472487, 85269, 1712743060, 1963959529);
INSERT INTO texture VALUES ("sA\", "mjuea4", 1647337, 273227, -1540367245, 113708094);
INSERT INTO texture VALUES ("sDO", "m97q9y", 2156014, 76425, -1492884422, -1513624129);
INSERT INTO texture VALUES ("sc=", "m97q9y", 1754298, 204527, 809630419, -1027551014);
INSERT INTO texture VALUES ("sm:", "b4d0si", 1686686, 4769, -394390059, -629610696);
INSERT INTO texture VALUES ("u,K", "y9w7gz", 414694, 5983, 1637415622, 1311364229);
INSERT INTO texture VALUES ("uBp", "5ykpc4", 427241, 96282, 1538561878, 1048529417);
INSERT INTO texture VALUES ("v7$", "rccib2", 1494631, 240505, 277775303, -1303657062);
INSERT INTO texture VALUES ("vAg", "28xqva", 1336763, 341905, 1500420331, 1552869422);
INSERT INTO texture VALUES ("vB'", "5jzxe7", 1257383, 176832, -1702019775, -752590046);
INSERT INTO texture VALUES ("vN*", "8ysj3r", 107028, 439982, 1930097627, 65891044);
INSERT INTO texture VALUES ("vj8", "mjuea4", 1385414, 261923, -1356417837, -1496964974);
INSERT INTO texture VALUES ("vw\", "gbntg3", 1556136, 180581, -293888004, -2111594778);
INSERT INTO texture VALUES ("vyk", "muwfnf", 1440347, 250821, 841470960, -348937205);
INSERT INTO texture VALUES ("w(_", "mbllqo", 1798061, 25887, -419540268, 1661293135);
INSERT INTO texture VALUES ("w<M", "gbntg3", 3903712, 124998, 2110472608, -905802469);
INSERT INTO texture VALUES ("wYY", "gbntg3", 4302491, 115725, 2000092454, -150665523);
INSERT INTO texture VALUES ("wY|", "k3buux", 0, 113183, 1898835770, 2062286506);
INSERT INTO texture VALUES ("wZ.", "2qhyou", 549998, 79032, 1052101303, 855142195);
INSERT INTO texture VALUES ("wt3", "5ykpc4", 412936, 6889, 1822510391, -1079339050);
INSERT INTO texture VALUES ("wy8", "cla995", 1020215, 100894, -630663480, -1642892313);
INSERT INTO texture VALUES ("w~>", "gbntg3", 2735177, 120168, 1371395889, -2059558022);
INSERT INTO texture VALUES ("x!t", "rccib2", 1992118, 257256, 793310349, 2003637953);
INSERT INTO texture VALUES ("x*X", "204a18", 1728715, 301439, 1981959171, 1069998801);
INSERT INTO texture VALUES ("x[7", "gbntg3", 2350806, 125462, -636598238, 2137132144);
INSERT INTO texture VALUES ("x[g", "g1d6bd", 1506020, 150912, 116678264, 12666409);
INSERT INTO texture VALUES ("xov", "mbllqo", 1823948, 19153, 842438425, -2079457190);
INSERT INTO texture VALUES ("yDP", "fbvaxg", 0, 109335, -1622187161, -1060755671);
INSERT INTO texture VALUES ("yqJ", "gbntg3", 707891, 103587, -1328906254, 1620418436);
INSERT INTO texture VALUES ("zJ2", "nzsuxq", 98851, 425727, 817466058, -1856425945);
INSERT INTO texture VALUES ("zXy", "fft5fy", 895831, 141268, -2083443377, -1234419491);
INSERT INTO texture VALUES ("zt)", "fft5fy", 2086173, 106684, -1515572860, 9545536);
INSERT INTO texture VALUES ("{$a", "5vx1dq", 1342038, 125312, 395016373, 971290279);
INSERT INTO texture VALUES ("{.U", "wobbht", 0, 456065, 704962042, 1894886696);
INSERT INTO texture VALUES ("{7&", "9djoov", 98937, 418448, 1712064044, 940813105);
INSERT INTO texture VALUES ("{>Q", "5jzxe7", 545892, 137751, 2027268053, -1946183676);
INSERT INTO texture VALUES ("{Y+", "hzfdzb", 114652, 432922, -2114716095, 1105027819);
INSERT INTO texture VALUES ("{gT", "gbntg3", 2855345, 137065, -576992255, 2066411193);
INSERT INTO texture VALUES ("|5q", "m97q9y", 2232439, 71913, 1752105932, 1019482422);
INSERT INTO texture VALUES ("|wb", "m97q9y", 995040, 110874, 998408126, -1998261126);
INSERT INTO texture VALUES ("}EW", "9djoov", 517385, 117809, 858288478, -1410794185);
INSERT INTO texture VALUES ("}al", "8ysj3r", 0, 107028, -1881954431, -344871741);
INSERT INTO texture VALUES ("}m$", "wobbht", 456065, 6244, 1280928114, -1375831700);
INSERT INTO texture VALUES ("}}z", "mjuea4", 1273666, 111748, -1059435980, -453373088);
INSERT INTO texture VALUES ("~-J", "mbllqo", 1776139, 21922, 175297212, 1320472698);
INSERT INTO texture VALUES ("~E|", "np05vj", 1162317, 116460, -1039630381, -1130646972);
INSERT INTO texture VALUES ("~^n", "fft5fy", 1409378, 191996, 774306365, 301426894);
